paper_id,pagerank
7226570628,2.454938452708698e-05
445252475,1.752349524348822e-05
10183503218,1.735339163213134e-05
12116337047,1.708173776746906e-05
8332773638,1.6129850745317717e-05
8677797093,1.6129850745317717e-05
5716511033,1.6129850745317717e-05
8333205997,1.6129850745317717e-05
8246410502,1.6094886699714753e-05
8728819691,1.6094886699714753e-05
